best epoch, train loss, train mae, valid loss, valid mae, test loss, test mae
00000001, 0.04035001, 0.07282954, 0.00160141, 0.02332489, 0.00157291, 0.02290960
