best epoch, train loss, train mae, valid loss, valid mae, test loss, test mae
00000001, 0.03297842, 0.06090016, 0.00172072, 0.02335401, 0.00173772, 0.02302449
