best epoch, train loss, train mae, valid loss, valid mae, test loss, test mae
00000001, 0.00982054, 0.03958264, 0.00131759, 0.02258182, 0.00127176, 0.02231503
