best epoch, train loss, train mae, valid loss, valid mae, test loss, test mae
00000001, 16.47686386, 2.29352856, 15.05402660, 2.18273425, 14.71813393, 2.14169216
