best epoch, train loss, train mae, valid loss, valid mae, test loss, test mae
00000001, 16.48330116, 2.31072569, 15.68461227, 2.22992849, 15.34243870, 2.18818045
