best epoch, train loss, train mae, valid loss, valid mae, test loss, test mae
00000001, 15.09771347, 2.20262241, 12.96015739, 2.02151632, 12.62774467, 1.98196733
