best epoch, train loss, train mae, valid loss, valid mae, test loss, test mae
00000001, 8.59519672, 1.48308587, 5.55886936, 1.16192293, 5.23663664, 1.10384679
