best epoch, train loss, train mae, valid loss, valid mae, test loss, test mae
00000001, 8.49500179, 1.46714640, 5.34755993, 1.13847435, 5.02671385, 1.08134413
