best epoch, train loss, train mae, valid loss, valid mae, test loss, test mae
00000001, 12.60845470, 1.79783356, 7.91699028, 1.48007643, 7.36589813, 1.40466321
