best epoch, train loss, train mae, valid loss, valid mae, test loss, test mae
00000001, 21.24325943, 3.04063773, 19.03114319, 2.79858494, 18.02498055, 2.67846370
