best epoch, train loss, train mae, valid loss, valid mae, test loss, test mae
00000001, 0.63870502, 0.65156353, 0.27676094, 0.40709481, 0.28106150, 0.41081494
