best epoch, train loss, train mae, valid loss, valid mae, test loss, test mae
00000001, 0.60186487, 0.62393862, 0.27513537, 0.38441512, 0.27193195, 0.38391525
