best epoch, train loss, train mae, valid loss, valid mae, test loss, test mae
00000001, 1.00020659, 0.87034190, 0.96302903, 0.85507113, 0.95154417, 0.84790438
