best epoch, train loss, train acc, valid loss, valid acc, test loss, test acc
00000001, 0.13752954, 0.12048408, 0.13887185, 0.12574838, 0.13632341, 0.12012002
