best epoch, train loss, train acc, valid loss, valid acc, test loss, test acc
00000001, 0.15307550, 0.00000000, 0.15039158, 0.02051236, 0.14529520, 0.02362158
