best epoch, train loss, train acc, valid loss, valid acc, test loss, test acc
00000001, 0.13661560, 0.12102379, 0.13921510, 0.10299218, 0.13597697, 0.09290172
