best epoch, train loss, train acc, valid loss, valid acc, test loss, test acc
00000001, 0.14001028, 0.12029641, 0.13877383, 0.13977547, 0.13546729, 0.13007064
