best epoch, train loss, train acc, valid loss, valid acc, test loss, test acc
00000001, 0.13634144, 0.00000000, 0.14296213, 0.12574838, 0.14098607, 0.12012002
