best epoch, train loss, train acc, valid loss, valid acc, test loss, test acc
00000001, 9.75928783, 0.12014256, 14.52385902, 0.12574838, 15.26439857, 0.12012002
